TIF Number,TIF District,Report Year,Cost of Studies,Administrative Cost,Marketing Sites,Site Preparation Costs,"Renovation, Rehab, Etc.",Public Works,Removing Contaminants,Job Training,Financing Costs,Capital Costs,School Districts,Library Districts,Relocation Costs,In Lieu of Taxes,Job Training/Retraining,Interest Cost,New Housing,Day Care Services,Other
T-001,35th/Halsted,2017,261095,0,0,219554,426474,5129965,0,0,0,0,0,0,0,0,0,0,0,0,0
T-001,35th/Halsted,2018,124789,0,0,264730,10274,1499235,0,0,0,0,0,0,0,0,0,0,0,0,0
T-002,"Forty-First Street and Dr. Martin Luther King, Jr. Drive",2017,5910,0,0,0,0,0,0,0,0,0,0,0,0,0,0,0,0,0,0
T-002,"Forty-First Street and Dr. Martin Luther King, Jr. Drive",2018,5907,0,0,0,0,0,0,0,0,0,0,0,0,0,0,167582,0,0,0
T-004,49th/St. Lawrence,2017,69104,0,0,0,0,0,0,0,0,0,0,0,0,0,0,0,0,0,0
T-004,49th/St. Lawrence,2018,8020,0,0,0,0,0,0,0,0,0,0,0,0,0,0,168402,0,0,0
T-005,60th/Western,2017,190883,0,0,0,0,0,0,0,0,0,0,0,0,0,0,0,0,0,0
T-005,60th/Western,2018,5897,0,0,0,0,0,0,0,0,0,0,0,0,0,0,0,0,0,0
T-009,95th/Western,2017,36173,0,0,0,0,185158,0,0,0,0,0,0,0,0,0,0,0,0,0
T-009,95th/Western,2018,23677,0,0,0,0,145388,0,0,0,0,0,0,0,0,0,0,0,0,0
T-010,126th/Torrence,2017,20823,0,0,2077413,0,368279,0,0,0,0,0,0,0,0,0,0,0,0,0
T-013,Bryn Mawr/Broadway,2017,41451,0,0,0,0,0,0,0,0,0,0,0,0,0,0,0,0,0,0
T-013,Bryn Mawr/Broadway,2018,36341,0,0,0,160875,10020000,0,52142,0,0,0,0,0,0,0,216182,0,0,0
T-021,Englewood Mall,2017,12732,0,0,30085,0,40609,0,0,0,0,0,0,0,0,0,0,0,0,0
T-021,Englewood Mall,2018,14691,0,0,0,0,540,0,0,0,0,0,0,0,0,0,0,0,0,0
T-023,Goose Island,2017,257912,0,0,707018,0,12365,0,6994,2473790,0,0,0,0,0,0,0,0,0,0
T-023,Goose Island,2018,197395,0,0,778890,0,290522,0,15891,4548341,0,0,0,0,0,0,0,0,0,0
T-024,Homan/Arthington,2017,12047,0,0,0,0,0,0,0,0,0,0,0,0,0,0,0,0,0,0
T-024,Homan/Arthington,2018,15044,0,0,1000000,0,13504,0,0,0,0,0,0,0,0,0,0,0,0,0
T-027,Irving/Cicero,2017,0,0,0,0,140821,0,0,0,0,0,0,0,0,0,0,0,0,0,0
T-027,Irving/Cicero,2018,0,0,0,0,0,0,0,0,0,0,0,0,0,0,0,0,0,0,0
T-028,Lincoln/Belmont/Ashland,2017,0,0,0,0,0,0,0,0,763000,0,0,0,0,0,0,0,0,0,0
T-028,Lincoln/Belmont/Ashland,2018,0,0,0,0,0,696311,0,0,0,0,0,0,0,0,0,0,0,0,0
T-029,Michigan/Cermak,2017,29500,0,0,0,0,280631,0,0,0,0,0,0,0,0,0,0,0,0,0
T-029,Michigan/Cermak,2018,94012,0,0,0,21986,0,0,0,0,0,0,0,0,0,0,0,0,0,0
T-030,Near North,2017,585208,0,0,0,0,3625564,0,0,0,0,0,0,0,0,0,0,5929863,0,0
T-030,Near North,2018,496438,0,0,0,0,4930963,0,0,0,0,0,0,0,0,0,0,1796811,0,0
T-033,North Branch North,2017,261634,0,0,0,0,189698,0,52668,0,0,0,0,0,0,0,0,0,0,0
T-033,North Branch North,2018,119494,0,0,0,0,626162,0,43280,0,0,0,0,0,0,0,0,0,0,0
T-034,North Branch South,2017,373130,0,0,0,78283,453053,0,27855,0,0,0,0,0,0,0,0,0,0,0
T-034,North Branch South,2018,214586,0,0,0,0,281273,0,0,0,0,0,0,0,0,0,0,0,0,0
T-035,North/Cicero,2017,27726,0,0,0,0,31153,0,0,0,0,0,0,0,0,0,0,0,0,0
T-035,North/Cicero,2018,27047,0,0,0,0,4338,0,0,0,0,0,0,0,0,0,0,0,0,0
T-036,Read/Dunning,2017,50606,0,0,0,0,1099399,0,20380,0,0,0,0,0,0,0,0,0,0,0
T-036,Read/Dunning,2018,45265,0,0,0,0,4405484,0,0,0,0,0,0,0,0,0,0,0,0,0
T-037,River South,2017,555789,0,0,0,0,26039926,0,0,0,0,0,0,0,0,0,0,0,0,0
T-037,River South,2018,341000,0,0,0,0,36246034,0,0,0,0,0,0,0,0,0,0,0,0,0
T-038,Roosevelt/Cicero Industrial Corridor,2017,81260,0,0,104365,109904,75230,0,18241,0,0,0,0,0,0,0,0,0,0,0
T-038,Roosevelt/Cicero Industrial Corridor,2018,54704,0,0,88007,13348,179121,0,0,0,0,0,0,0,0,0,0,0,0,0
T-042,Sanitary and Ship Canal,2017,13976,0,0,0,0,0,0,0,0,0,0,0,0,0,0,0,0,0,0
T-042,Sanitary and Ship Canal,2018,12790,0,0,0,0,0,0,0,0,0,0,0,0,0,0,0,0,0,0
T-043,Stockyards Annex,2017,38894,0,0,0,19252,418815,0,0,0,0,0,0,0,0,0,0,0,0,0
T-043,Stockyards Annex,2018,41594,0,0,0,144279,9694,0,0,0,0,0,0,0,0,0,0,0,0,0
T-045,Stockyards Southeast Quadrant Industrial,2017,80574,0,0,0,0,11074,0,0,0,0,0,0,0,0,0,0,0,0,0
T-045,Stockyards Southeast Quadrant Industrial,2018,30206,0,0,0,0,0,0,0,0,0,0,0,0,0,0,0,0,0,0
T-048,Western/Ogden,2017,160661,0,0,922300,0,858802,0,52144,0,0,0,0,0,0,0,0,2186040,0,0
T-048,Western/Ogden,2018,152058,0,0,755634,0,977439,0,6097,0,0,0,0,0,0,0,0,0,0,0
T-052,Kinzie Industrial Corridor,2017,614940,0,0,103149,722864,4870955,0,331354,0,0,0,0,0,0,0,39580,848901,0,0
T-052,Kinzie Industrial Corridor,2018,642574,0,0,113951,4174835,21477642,0,226093,0,0,0,0,0,0,0,38882,1077089,0,0
T-053,Pilsen Industrial Corridor,2017,290279,0,0,459202,320687,3106157,0,14000,4588586,0,0,0,0,0,0,0,0,0,0
T-053,Pilsen Industrial Corridor,2018,461894,0,0,505651,99099,1782244,0,55507,4580012,0,0,0,0,0,0,0,0,0,0
T-054,Stony Island Commercial/Burnside Industrial,2017,59265,0,0,7344,469790,22363,0,0,0,0,0,0,0,0,0,0,0,0,0
T-054,Stony Island Commercial/Burnside Industrial,2018,63200,0,0,968881,45696,780793,0,0,0,0,0,0,0,0,0,0,0,0,0
T-055,43rd/Cottage Grove,2017,64685,0,0,0,0,1788554,0,28480,0,0,0,0,0,0,0,71759,1422770,0,0
T-055,43rd/Cottage Grove,2018,67029,0,0,159439,0,694366,0,0,0,0,0,0,0,0,0,54374,1263331,0,0
T-056,79th Street Corridor,2017,18105,0,0,0,64659,95625,0,0,0,0,0,0,0,0,0,0,0,0,0
T-056,79th Street Corridor,2018,15885,0,0,0,101032,10997,0,0,0,0,0,0,0,0,0,0,0,0,0
T-057,Jefferson Park,2017,59196,0,0,0,106615,146503,0,0,0,0,0,0,0,0,0,0,0,0,0
T-057,Jefferson Park,2018,21396,0,0,0,28438,84032,0,0,0,0,0,0,0,0,0,0,0,0,0
T-058,Portage Park,2017,38770,0,0,0,238602,2994619,0,44026,0,0,0,0,0,0,0,0,0,0,0
T-058,Portage Park,2018,43319,0,0,0,387663,5638,0,4705,0,0,0,0,0,0,0,0,0,0,0
T-059,Calumet/Cermak,2017,208083,0,0,0,0,0,0,0,0,0,0,0,0,0,0,0,0,0,0
T-059,Calumet/Cermak,2018,192062,0,0,0,0,2216564,0,0,0,0,0,0,0,0,0,0,0,0,0
T-060,71st/Stony Island,2017,52675,0,0,0,0,116602,0,39865,7854854,0,0,0,0,0,0,0,40650,0,0
T-060,71st/Stony Island,2018,57628,0,0,0,0,66924,0,5833,8277000,0,0,0,0,0,0,0,145325,0,0
T-061,Bronzeville,2017,209738,0,0,0,0,265658,0,0,0,0,0,0,0,0,0,0,29511,0,0
T-061,Bronzeville,2018,114556,0,0,0,0,178712,0,0,0,0,0,0,0,0,0,0,41185,0,0
T-062,Roosevelt/Racine,2017,33670,0,0,876235,0,20621,0,0,0,0,0,0,0,0,0,0,0,0,0
T-062,Roosevelt/Racine,2018,31985,0,0,943570,0,3500000,0,0,0,0,0,0,0,0,0,0,0,0,0
T-063,Canal/Congress,2017,477255,0,0,1120583,1000000,969806,0,0,0,0,0,0,0,0,0,0,0,0,0
T-063,Canal/Congress,2018,448406,0,0,0,1750000,10425540,0,0,0,0,0,0,0,0,0,0,0,0,0
T-064,Northwest Industrial Corridor,2017,135679,0,0,74636,461396,322328,0,23600,0,0,0,0,0,0,0,0,0,0,0
T-064,Northwest Industrial Corridor,2018,147831,0,0,9762664,375466,1806154,0,12000,0,0,0,0,0,0,0,0,0,0,0
T-065,Woodlawn,2017,0,0,0,0,0,7794,0,0,0,0,0,0,0,0,0,0,1000000,0,0
T-065,Woodlawn,2018,0,0,0,0,0,55204,0,0,0,0,0,0,0,0,0,0,0,0,0
T-066,Greater Southwest Industrial (East),2017,18410,0,0,1965,13782,61208,0,0,0,0,0,0,0,0,0,0,0,0,0
T-066,Greater Southwest Industrial (East),2018,47823,0,0,553137,72960,162970,0,73564,0,0,0,0,0,0,0,0,0,0,0
T-067,Archer Courts,2017,9882,0,0,0,0,34303,0,0,0,0,0,0,0,0,0,108483,0,0,0
T-067,Archer Courts,2018,9562,0,0,0,0,6180,0,0,0,0,0,0,0,0,0,108921,0,0,0
T-068,Roosevelt/Union,2017,95081,0,0,0,0,2221,0,0,0,0,0,0,0,0,0,0,0,0,0
T-068,Roosevelt/Union,2018,83792,0,0,5181308,0,0,0,0,0,0,0,0,0,0,0,0,0,0,0
T-069,Pulaski Industrial Corridor,2017,77377,0,0,0,0,29408,0,7527,0,0,0,0,0,0,0,0,0,0,0
T-069,Pulaski Industrial Corridor,2018,75520,0,0,0,840706,64330,0,6628,0,0,0,0,0,0,0,0,0,0,0
T-070,Clark/Montrose,2017,60518,0,0,870779,0,278008,0,0,0,0,0,0,0,0,0,0,0,0,0
T-070,Clark/Montrose,2018,75556,0,0,685132,0,0,0,0,0,0,0,0,0,0,0,0,0,0,0
T-071,Galewood/Armitage Industrial,2017,98321,0,0,0,33784,803651,0,1437,7314934,0,0,0,0,0,0,0,0,0,0
T-071,Galewood/Armitage Industrial,2018,68292,0,0,0,15366,339247,0,43589,3693495,0,0,0,0,0,0,0,0,0,0
T-072,24th/Michigan,2017,31771,0,0,157000,0,4883118,0,3693,0,0,0,0,0,0,0,0,0,0,0
T-072,24th/Michigan,2018,0,0,0,157000,0,730746,0,0,0,0,0,0,0,0,0,0,0,0,0
T-073,111th/Kedzie,2017,14043,0,0,121277,0,235419,0,0,0,0,0,0,0,0,0,0,0,0,0
T-073,111th/Kedzie,2018,14417,0,0,121653,0,18294,0,0,0,0,0,0,0,0,0,0,0,0,0
T-074,Clark/Ridge,2017,69095,0,0,635875,134062,1625,0,0,0,0,0,0,0,0,0,0,0,0,0
T-074,Clark/Ridge,2018,44284,0,0,635875,57509,14366,0,0,0,0,0,0,0,0,0,0,0,0,0
T-075,Madison/Austin Corridor,2017,35702,0,0,0,72506,33730,0,0,5608625,0,0,0,0,0,0,0,0,0,0
T-075,Madison/Austin Corridor,2018,37318,0,0,0,0,881667,0,0,27406063,0,0,0,0,0,0,0,0,0,0
T-076,Devon/Western,2017,77227,0,0,0,0,2265710,0,14319,0,0,0,0,0,0,0,0,0,0,0
T-076,Devon/Western,2018,46809,0,0,0,0,117545,0,0,0,0,0,0,0,0,0,0,0,0,0
T-077,Lincoln Avenue,2017,54317,0,0,0,8695,550510,0,0,2889500,0,0,0,0,0,0,0,0,0,0
T-077,Lincoln Avenue,2018,72887,0,0,0,0,163977,0,0,16879750,0,0,0,0,0,0,0,0,0,0
T-078,South Works Industrial,2017,3465,0,0,0,0,0,0,0,0,0,0,0,0,0,0,0,0,0,0
T-078,South Works Industrial,2018,2812,0,0,0,0,260352,0,0,0,0,0,0,0,0,0,0,0,0,0
T-079,35th/Wallace,2017,21017,0,0,0,0,0,0,0,0,0,0,0,0,0,0,0,0,0,0
T-079,35th/Wallace,2018,22383,0,0,0,0,155784,0,0,0,0,0,0,0,0,0,0,0,0,0
T-081,Belmont/Central,2017,48788,0,0,0,129414,365817,0,9595,0,0,0,0,0,0,0,0,0,0,0
T-081,Belmont/Central,2018,102039,0,0,0,298332,147758,0,1439,0,0,0,0,0,0,0,0,0,0,0
T-082,Belmont/Cicero,2017,19730,0,0,0,68036,372873,0,0,0,0,0,0,0,0,0,0,2000000,0,0
T-082,Belmont/Cicero,2018,22276,0,0,0,0,236372,0,71682,0,0,0,0,0,0,0,0,0,0,0
T-083,West Irving Park,2017,157146,0,0,0,372065,132661,0,0,0,0,0,0,0,0,0,0,0,0,0
T-083,West Irving Park,2018,16968,0,0,0,114432,628556,0,0,0,0,0,0,0,0,0,0,0,0,0
T-084,Western Avenue North,2017,137032,0,0,228219,379334,6318166,0,0,0,0,0,0,0,0,0,0,0,0,0
T-084,Western Avenue North,2018,121782,0,0,254013,56547,2709779,0,0,0,0,0,0,0,0,0,0,0,0,0
T-085,Western Avenue South,2017,133932,0,0,0,171801,3911271,0,0,0,0,0,0,0,0,0,0,31487,0,0
T-085,Western Avenue South,2018,129076,0,0,0,128676,224983,0,0,0,0,0,0,0,0,0,0,36141,0,0
T-086,Central West,2017,370007,0,0,179053,48875,14909231,0,0,5614583,0,0,0,0,0,0,0,138738,0,0
T-086,Central West,2018,362525,0,0,0,15053625,9062051,0,0,0,0,0,0,0,0,0,0,3684637,0,0
T-087,Fullerton/Milwaukee,2017,136028,0,0,502755,475890,230231,0,0,8628885,0,0,0,0,0,0,0,0,0,0
T-087,Fullerton/Milwaukee,2018,38075,0,0,702948,291041,0,0,0,2659064,0,0,0,0,0,0,0,0,0,0
T-088,Lawrence/Kedzie,2017,130727,0,0,0,96848,9285513,0,0,3889042,0,0,0,0,0,0,0,0,0,0
T-088,Lawrence/Kedzie,2018,219614,0,0,0,0,61026,0,0,3952750,0,0,0,0,0,0,0,0,0,0
T-089,Midway Industrial Corridor,2017,201747,0,0,0,250879,0,0,0,0,0,0,0,0,0,0,0,0,0,0
T-089,Midway Industrial Corridor,2018,65044,0,0,0,151919,12366,0,0,0,0,0,0,0,0,0,0,0,0,0
T-090,Peterson/Cicero,2017,14042,0,0,0,0,106702,0,0,0,0,0,0,0,0,0,0,0,0,0
T-090,Peterson/Cicero,2018,10070,0,0,0,0,86758,0,0,0,0,0,0,0,0,0,0,0,0,0
T-091,Peterson/Pulaski,2017,20409,0,0,0,0,0,0,0,0,0,0,0,0,0,0,0,0,0,0
T-091,Peterson/Pulaski,2018,32763,0,0,0,0,533869,0,11762,0,0,0,0,0,0,0,0,0,0,0
T-092,Greater Southwest Industrial (West),2017,14674,0,0,1670,0,35041,0,4140,0,0,0,0,0,0,0,0,0,0,0
T-092,Greater Southwest Industrial (West),2018,31187,0,0,0,54282,2577,0,6268,0,0,0,0,0,0,0,0,0,0,0
T-093,South Chicago,2017,25938,0,0,0,0,450000,0,0,0,0,0,0,0,0,0,0,0,0,0
T-093,South Chicago,2018,23690,0,0,0,186709,852901,0,0,0,0,0,0,0,0,0,0,0,0,0
T-094,Chicago/Kingsbury,2017,520109,0,0,0,0,357965,0,0,0,0,0,0,0,0,0,0,0,0,0
T-094,Chicago/Kingsbury,2018,441031,0,0,0,0,5354236,0,0,0,0,0,0,0,0,0,0,0,0,0
T-095,Midwest,2017,288179,0,0,103377,4969623,1992172,0,0,3889917,0,0,0,0,0,0,0,1055272,0,0
T-095,Midwest,2018,296886,0,0,90987,146615,2367092,0,28404,15807771,0,0,0,0,0,0,93165,3429163,0,0
T-096,Cicero/Archer,2017,18309,0,0,1320000,0,0,0,0,0,0,0,0,0,0,0,0,0,0,0
T-096,Cicero/Archer,2018,14829,0,0,680000,0,0,0,0,0,0,0,0,0,0,0,0,0,0,0
T-097,51st/Archer,2017,19559,0,0,0,0,139299,0,0,5943324,0,0,0,0,0,0,0,0,0,0
T-097,51st/Archer,2018,14513,0,0,0,0,48765,0,0,18517028,0,0,0,0,0,0,0,0,0,0
T-098,63rd/Pulaski,2017,36083,0,0,0,45191,0,0,0,0,0,0,0,0,0,0,0,0,0,0
T-098,63rd/Pulaski,2018,167431,0,0,0,0,0,0,0,0,0,0,0,0,0,0,0,0,0,0
T-099,Archer/Central,2017,16150,0,0,0,583649,38762,0,0,0,0,0,0,0,0,0,0,0,0,0
T-099,Archer/Central,2018,11894,0,0,0,300000,0,0,0,0,0,0,0,0,0,0,0,0,0,0
T-100,Ohio/Wabash,2017,0,0,0,1683599,0,0,0,0,0,0,0,0,0,0,0,0,0,0,0
T-100,Ohio/Wabash,2018,0,0,0,1829557,0,0,0,0,0,0,0,0,0,0,0,0,0,0,0
T-101,Jefferson/Roosevelt,2017,118805,0,0,200725,0,618326,0,58555,0,0,0,0,0,0,0,0,0,0,0
T-101,Jefferson/Roosevelt,2018,111857,0,0,225289,0,256614,0,0,0,0,0,0,0,0,0,0,0,0,0
T-102,Montclare,2017,7712,0,0,0,0,0,0,0,0,0,0,0,0,0,0,60496,117389,0,0
T-102,Montclare,2018,7778,0,0,0,0,0,0,0,0,0,0,0,0,0,0,71205,128513,0,0
T-103,Lake Calumet Area Industrial,2017,51355,0,0,11766,0,602377,0,7579,0,0,0,0,0,0,0,0,0,0,0
T-103,Lake Calumet Area Industrial,2018,64321,0,0,0,0,1427590,0,0,0,0,0,0,0,0,0,0,0,0,0
T-104,River West,2017,526994,0,0,484510,947230,826396,0,0,0,0,0,0,0,0,0,0,0,0,0
T-104,River West,2018,538526,0,0,488006,923500,370816,0,0,0,0,0,0,0,0,0,0,0,0,0
T-105,53rd Street,2017,72137,0,0,2271123,0,735112,0,0,0,0,0,0,0,0,0,446532,0,0,0
T-105,53rd Street,2018,92653,0,0,2261436,0,35514,0,0,0,0,0,0,0,0,0,1383779,0,0,0
T-106,Englewood Neighborhood,2017,95410,0,0,0,0,1070427,0,0,0,0,0,0,0,0,0,0,0,0,0
T-106,Englewood Neighborhood,2018,91113,0,0,0,323398,2220377,0,0,0,0,0,0,0,0,0,0,0,0,0
T-107,Division/Homan,2017,26132,0,0,0,0,2041356,0,0,0,0,0,0,0,0,0,0,0,0,0
T-107,Division/Homan,2018,22832,0,0,0,0,749966,0,0,0,0,0,0,0,0,0,0,0,0,0
T-108,Humboldt Park Commercial,2017,69549,0,0,334086,333417,229179,0,0,0,0,0,0,0,0,0,0,0,0,0
T-108,Humboldt Park Commercial,2018,57076,0,0,334086,732080,0,0,0,0,0,0,0,0,0,0,0,1750000,0,0
T-109,Lawrence/Broadway,2017,80031,0,0,129046,127409,2179965,0,0,0,0,0,0,0,0,0,0,0,0,0
T-109,Lawrence/Broadway,2018,75561,0,0,17447,145413,1002311,0,0,0,0,0,0,0,0,0,0,0,0,0
T-110,Wilson Yard,2017,144691,0,0,5253855,158164,1149265,0,0,0,0,0,0,0,0,0,0,0,0,0
T-110,Wilson Yard,2018,138071,0,0,5194863,51828,1175942,0,0,0,0,0,0,0,0,0,0,0,0,0
T-111,105th/Vincennes,2017,22261,0,0,0,0,0,0,0,0,0,0,0,0,0,0,0,0,0,0
T-111,105th/Vincennes,2018,20194,0,0,856114,0,550336,0,0,0,0,0,0,0,0,0,0,0,0,0
T-112,79th/Southwest Highway,2017,25293,0,0,429,66841,788927,0,9595,0,0,0,0,0,0,0,0,0,0,0
T-112,79th/Southwest Highway,2018,50542,0,0,0,162226,58177,0,3569,0,0,0,0,0,0,0,0,0,0,0
T-113,Roseland/Michigan,2017,9199,0,0,0,0,0,0,0,0,0,0,0,0,0,0,0,0,0,0
T-113,Roseland/Michigan,2018,32564,0,0,0,0,0,0,0,0,0,0,0,0,0,0,0,0,0,0
T-114,119th/Halsted,2017,24999,0,0,250000,97118,41012,0,0,0,0,0,0,0,0,0,0,0,0,0
T-114,119th/Halsted,2018,25396,0,0,0,27002,121127,0,0,0,0,0,0,0,0,0,0,0,0,0
T-115,Chicago/Central Park,2017,108891,0,0,0,714323,1124055,0,96570,14067764,0,0,0,0,0,0,0,1143777,0,0
T-115,Chicago/Central Park,2018,107348,0,0,0,0,323462,0,137947,32171226,0,0,0,0,0,0,0,906412,0,0
T-116,Lawrence/Pulaski,2017,24560,0,0,0,30572,1845037,0,0,0,0,0,0,0,0,0,0,0,0,0
T-116,Lawrence/Pulaski,2018,50870,0,0,0,160875,14488,0,0,0,0,0,0,0,0,0,0,0,0,0
T-117,47th/Ashland,2017,168591,0,0,0,1344986,29090,0,0,1824902,0,0,0,0,0,0,0,0,0,0
T-117,47th/Ashland,2018,44127,0,0,0,471089,207223,0,0,1680102,0,0,0,0,0,0,0,0,0,0
T-118,47th/King Drive,2017,132696,0,0,0,252797,295152,0,0,0,0,0,0,0,0,0,0,5000000,0,0
T-118,47th/King Drive,2018,114115,0,0,800000,2845458,200262,0,0,0,0,0,0,0,0,0,0,0,0,0
T-119,Lakefront,2017,9333,0,0,0,0,0,0,0,0,0,0,0,0,0,0,52048,186686,0,0
T-119,Lakefront,2018,8819,0,0,0,0,0,0,0,0,0,0,0,0,0,0,0,193168,0,0
T-121,47th/Halsted,2017,283078,0,0,23456,222906,2095592,0,19670,0,0,0,0,0,0,0,0,0,0,0
T-121,47th/Halsted,2018,49950,0,0,0,18420,1431500,0,10365,0,0,0,0,0,0,0,0,0,0,0
T-122,Drexel Boulevard,2017,0,0,0,0,0,0,0,0,0,0,0,0,0,0,0,0,0,0,0
T-122,Drexel Boulevard,2018,0,0,0,0,0,443793,0,0,0,0,0,0,0,0,0,0,0,0,0
T-123,Avalon Park/South Shore,2017,18625,0,0,0,0,0,0,0,0,0,0,0,0,0,0,0,0,0,0
T-123,Avalon Park/South Shore,2018,29447,0,0,0,87390,1031,0,0,0,0,0,0,0,0,0,0,0,0,0
T-124,67th/Cicero,2017,7061,0,0,169510,0,0,0,0,0,0,0,0,0,0,0,0,0,0,0
T-124,67th/Cicero,2018,6938,0,0,185275,0,0,0,0,0,0,0,0,0,0,0,0,0,0,0
T-125,119th/I-57,2017,70925,0,0,1726633,176686,6745,0,0,0,0,0,0,0,0,0,0,0,0,0
T-125,119th/I-57,2018,61470,0,0,1900516,284999,62495,0,0,0,0,0,0,0,0,0,0,0,0,0
T-126,Madden/Wells,2017,22778,0,0,0,0,0,0,0,0,0,0,0,0,0,0,406931,276911,0,0
T-126,Madden/Wells,2018,24277,0,0,0,0,0,0,0,0,0,0,0,0,0,0,0,3503441,0,0
T-127,87th/Cottage Grove,2017,31151,0,0,0,11261,583879,0,0,0,0,0,0,0,0,0,0,0,0,0
T-127,87th/Cottage Grove,2018,32267,0,0,0,120493,451033,0,0,0,0,0,0,0,0,0,0,0,0,0
T-128,Commercial Avenue,2017,19752,0,0,0,0,0,0,46801,0,0,0,0,0,0,0,0,0,0,0
T-128,Commercial Avenue,2018,22283,0,0,0,0,205278,0,3360,0,0,0,0,0,0,0,0,0,0,0
T-129,Diversey/Narragansett,2017,37956,0,0,1393015,0,174884,0,0,0,0,0,0,0,0,0,0,0,0,0
T-129,Diversey/Narragansett,2018,38060,0,0,1605576,0,0,0,0,0,0,0,0,0,0,0,0,0,0,0
T-130,Edgewater/Ashland,2017,21027,0,0,0,0,0,0,0,0,0,0,0,0,0,0,0,0,0,0
T-130,Edgewater/Ashland,2018,10600,0,0,800000,0,0,0,0,0,0,0,0,0,0,0,0,0,0,0
T-131,35th/State,2017,47453,0,0,0,1253780,0,0,0,0,0,0,0,0,0,0,0,368301,0,0
T-131,35th/State,2018,35956,0,0,0,1508159,0,0,0,0,0,0,0,0,0,0,0,368340,0,0
T-133,83rd/Stewart,2017,24020,0,0,943485,0,0,0,0,0,0,0,0,0,0,0,0,0,0,0
T-133,83rd/Stewart,2018,20641,0,0,1247373,0,0,0,0,0,0,0,0,0,0,0,0,0,0,0
T-134,Devon/Sheridan,2017,1937,0,0,0,0,0,0,0,0,0,0,0,0,0,0,0,0,0,0
T-134,Devon/Sheridan,2018,25607,0,0,0,0,0,0,0,0,0,0,0,0,0,0,0,0,0,0
T-135,Pratt/Ridge Industrial Park Conservation Area,2017,8467,0,0,0,0,0,0,0,0,0,0,0,0,0,0,0,0,0,0
T-135,Pratt/Ridge Industrial Park Conservation Area,2018,9290,0,0,0,0,0,0,0,0,0,0,0,0,0,0,0,0,0,0
T-136,47th/State,2017,30847,0,0,0,0,0,0,0,0,0,0,0,0,0,0,0,0,0,0
T-136,47th/State,2018,26126,0,0,0,89318,0,0,0,0,0,0,0,0,0,0,0,0,0,0
T-139,Ravenswood Corridor,2017,28808,0,0,0,178652,76164,0,0,0,0,0,0,0,0,0,0,0,0,0
T-139,Ravenswood Corridor,2018,130813,0,0,0,228466,0,0,0,0,0,0,0,0,0,0,0,0,0,0
T-140,79th/Cicero,2017,11405,0,0,444423,0,0,0,0,0,0,0,0,0,0,0,0,0,0,0
T-140,79th/Cicero,2018,11442,0,0,480924,0,0,0,0,0,0,0,0,0,0,0,0,0,0,0
T-141,26th/King Drive,2017,16934,0,0,0,642242,0,0,0,0,0,0,0,0,0,0,0,0,0,0
T-141,26th/King Drive,2018,15161,0,0,0,727103,0,0,0,0,0,0,0,0,0,0,0,0,0,0
T-142,Western/Rock Island,2017,44554,0,0,87500,0,2354517,0,0,0,0,0,0,0,0,0,0,0,0,0
T-142,Western/Rock Island,2018,25534,0,0,177500,0,2114496,0,0,0,0,0,0,0,0,0,0,0,0,0
T-143,63rd/Ashland,2017,211757,0,0,683,0,189360,0,0,0,0,0,0,0,0,0,0,0,0,0
T-143,63rd/Ashland,2018,29213,0,0,137000,379627,1021934,0,0,0,0,0,0,0,0,0,0,0,0,0
T-144,Harrison/Central,2017,7716,0,0,0,288000,0,0,0,0,0,0,0,0,0,0,0,0,0,0
T-144,Harrison/Central,2018,6549,0,0,0,288000,0,0,0,0,0,0,0,0,0,0,0,0,0,0
T-145,73rd/University,2017,8312,0,0,0,0,8842,0,0,0,0,0,0,0,0,0,0,0,0,0
T-145,73rd/University,2018,8414,0,0,0,0,0,0,0,0,0,0,0,0,0,0,0,0,0,0
T-146,Touhy/Western,2017,9108,0,0,0,0,0,0,0,2391684,0,0,0,0,0,0,0,0,0,0
T-146,Touhy/Western,2018,8952,0,0,0,0,0,0,0,2444308,0,0,0,0,0,0,0,0,0,0
T-147,LaSalle Central,2017,700656,0,0,0,3045379,22301353,0,0,0,0,0,0,0,0,0,0,0,0,0
T-147,LaSalle Central,2018,854584,0,0,0,3045379,7980060,0,0,0,0,0,0,0,0,0,0,0,0,0
T-148,Harlem Industrial Park Conservation Area,2017,14216,0,0,0,0,0,0,0,0,0,0,0,0,0,0,0,0,0,0
T-148,Harlem Industrial Park Conservation Area,2018,13989,0,0,0,0,0,0,0,0,0,0,0,0,0,0,0,0,0,0
T-149,Stevenson Brighton,2017,43847,0,0,1000000,0,3499107,0,0,0,0,0,0,0,0,0,0,0,0,0
T-149,Stevenson Brighton,2018,60142,0,0,2166994,0,0,0,0,0,0,0,0,0,0,0,0,0,0,0
T-150,Addison South,2017,74369,0,0,0,1035883,3137831,0,3056,0,0,0,0,0,0,0,0,0,0,0
T-150,Addison South,2018,82852,0,0,0,783852,0,0,19305,0,0,0,0,0,0,0,0,0,0,0
T-151,Armitage/Pulaski,2017,6835,0,0,0,0,55912,0,0,0,0,0,0,0,0,0,0,0,0,0
T-151,Armitage/Pulaski,2018,5414,0,0,0,274238,0,0,0,0,0,0,0,0,0,0,0,0,0,0
T-152,Little Village Industrial Corridor,2017,6007,0,0,0,0,0,0,0,0,0,0,0,0,0,0,0,0,0,0
T-152,Little Village Industrial Corridor,2018,8181,0,0,0,160875,0,0,0,0,0,0,0,0,0,0,0,0,0,0
T-153,Elston/Armstrong Industrial Corridor,2017,14240,0,0,0,10129,178312,0,0,0,0,0,0,0,0,0,0,0,0,0
T-153,Elston/Armstrong Industrial Corridor,2018,17852,0,0,0,0,594,0,1609,0,0,0,0,0,0,0,0,0,0,0
T-154,Pershing/King,2017,3951,0,0,0,0,0,0,0,0,0,0,0,0,0,0,0,0,0,0
T-154,Pershing/King,2018,2812,0,0,0,0,0,0,0,0,0,0,0,0,0,0,0,0,0,0
T-155,79th/Vincennes,2017,5676,0,0,0,0,0,0,0,0,0,0,0,0,0,0,0,0,0,0
T-155,79th/Vincennes,2018,5189,0,0,0,0,0,0,0,0,0,0,0,0,0,0,0,0,0,0
T-156,Austin Commercial,2017,35974,0,0,0,116797,374304,0,210048,0,0,0,0,0,0,0,0,0,0,0
T-156,Austin Commercial,2018,17417,0,0,0,195982,339419,0,37161,0,0,0,0,0,0,0,0,0,0,0
T-157,Hollywood/Sheridan,2017,35240,0,0,338935,122209,0,0,0,0,0,0,0,0,0,0,0,0,0,0
T-157,Hollywood/Sheridan,2018,11758,0,0,575824,58157,5648,0,0,0,0,0,0,0,0,0,0,0,0,0
T-158,Weed/Fremont,2017,15655,0,0,0,649596,0,0,0,0,0,0,0,0,0,0,0,0,0,0
T-158,Weed/Fremont,2018,15282,0,0,0,732043,0,0,0,0,0,0,0,0,0,0,0,0,0,0
T-160,Kennedy/Kimball,2017,3813,0,0,0,0,0,0,0,0,0,0,0,0,0,0,0,0,0,0
T-160,Kennedy/Kimball,2018,7677,0,0,0,0,0,0,0,0,0,0,0,0,0,0,0,0,0,0
T-161,Ogden/Pulaski,2017,8569,0,0,0,188090,77203,0,0,0,0,0,0,0,0,0,0,0,0,0
T-161,Ogden/Pulaski,2018,6239,0,0,0,57312,210516,0,16210,0,0,0,0,0,0,0,0,1000000,0,0
T-163,Archer/Western,2017,2917,0,0,0,0,0,0,0,0,0,0,0,0,0,0,0,0,0,0
T-163,Archer/Western,2018,3506,0,0,0,107250,0,0,0,0,0,0,0,0,0,0,0,0,0,0
T-164,Little Village East,2017,6254,0,0,0,0,0,0,0,0,0,0,0,0,0,0,0,0,0,0
T-164,Little Village East,2018,3408,0,0,0,0,0,0,0,0,0,0,0,0,0,0,0,0,0,0
T-165,Irving Park/Elston,2017,2588,0,0,0,0,0,0,0,0,0,0,0,0,0,0,0,0,0,0
T-165,Irving Park/Elston,2018,5212,0,0,0,0,0,0,0,0,0,0,0,0,0,0,0,0,0,0
T-166,North Pullman,2017,95401,0,0,811238,0,0,0,153186,0,0,0,0,0,0,0,0,0,0,0
T-166,North Pullman,2018,21093,0,0,1080380,0,0,0,0,0,0,0,0,0,0,0,0,0,0,0
T-167,Avondale,2017,3545,0,0,0,172874,12679,0,0,0,0,0,0,0,0,0,0,0,0,0
T-167,Avondale,2018,3679,0,0,0,113604,1107492,0,0,0,0,0,0,0,0,0,0,0,0,0
T-169,Ewing Avenue,2017,370554,0,0,0,0,1043272,0,0,0,0,0,0,0,0,0,0,0,0,0
T-169,Ewing Avenue,2018,6458,0,0,0,0,0,0,0,0,0,0,0,0,0,0,0,0,0,0
T-170,Chicago Lakeside Development - Phase 1,2017,0,0,0,0,0,0,0,0,0,0,0,0,0,0,0,0,0,0,0
T-171,West Woodlawn,2017,2588,0,0,0,187331,0,0,0,0,0,0,0,0,0,0,0,0,0,0
T-171,West Woodlawn,2018,2812,0,0,0,13658,0,0,0,0,0,0,0,0,0,0,0,0,0,0
T-172,Randolph/Wells,2017,10811,0,0,0,458000,0,0,0,0,0,0,0,0,0,0,0,0,0,0
T-172,Randolph/Wells,2018,8557,0,0,0,460344,0,0,0,0,0,0,0,0,0,0,0,0,0,0
T-173,Montrose/Clarendon,2017,6139,0,0,0,0,0,0,0,0,0,0,0,0,0,0,0,0,0,0
T-173,Montrose/Clarendon,2018,6994,0,0,0,0,0,0,0,0,0,0,0,0,0,0,0,0,0,0
T-174,67th/Wentworth,2017,0,0,0,0,0,0,0,0,0,0,0,0,0,0,0,0,0,0,0
T-174,67th/Wentworth,2018,40000,0,0,0,84635,0,0,0,0,0,0,0,0,0,0,0,0,0,0
T-175,51st/Lake Park,2017,4529,0,0,0,0,0,0,0,0,0,0,0,0,0,0,0,0,0,0
T-175,51st/Lake Park,2018,22091,0,0,184442,0,0,0,0,0,0,0,0,0,0,0,0,0,0,0
T-176,107th/Halsted,2017,34146,0,0,0,0,21139,0,0,0,0,0,0,0,0,0,0,0,0,0
T-176,107th/Halsted,2018,33754,0,0,0,26343,107217,0,0,0,0,0,0,0,0,0,0,0,0,0
T-177,Foster/California,2017,10527,0,0,0,926666,0,0,0,0,0,0,0,0,0,0,0,0,0,0
T-177,Foster/California,2018,7373,0,0,0,366666,3000,0,0,0,0,0,0,0,0,0,0,0,0,0
T-178,Washington Park,2017,8915,0,0,0,0,0,0,0,0,0,0,0,0,0,0,0,0,0,0
T-178,Washington Park,2018,17644,0,0,1587500,84579,0,0,0,0,0,0,0,0,0,0,0,0,0,0
T-179,Diversey/Chicago River,2017,0,0,0,0,0,0,0,0,0,0,0,0,0,0,0,0,0,0,0
T-179,Diversey/Chicago River,2018,0,0,0,0,0,331165,0,0,0,0,0,0,0,0,0,0,0,0,0
T-180,Red Purple Modernization Phase One (Transit TIF),2017,118875,0,0,0,0,0,0,0,0,0,0,0,0,0,0,0,0,0,0
T-180,Red Purple Modernization Phase One (Transit TIF),2018,222191,0,0,0,0,0,0,0,0,0,0,0,0,0,0,0,0,0,0
T-181,Foster/Edens,2018,0,0,0,0,0,0,0,0,0,0,0,0,0,0,0,0,0,0,0
T-182,116th/Avenue O,2018,0,0,0,0,0,0,0,0,0,0,0,0,0,0,0,0,0,0,0
T-184,Roosevelt/Clark,2019,0,0,0,0,0,0,0,0,0,0,0,0,0,0,0,0,0,0,0
T-183,Cortland/Chicago River,2019,0,0,0,0,0,0,0,0,0,0,0,0,0,0,0,0,0,0,0
T-072,24th/Michigan,2019,50794,0,0,0,487227,0,0,0,0,0,0,0,0,0,0,0,0,0,0
T-141,26th/King Drive,2019,13796,0,0,0,0,0,0,0,0,0,0,0,0,0,0,0,0,0,0
T-079,35th/Wallace,2019,21373,0,0,0,53625,1779412,0,0,0,0,0,0,0,0,0,0,0,0,0
T-001,35th/Halsted,2019,130275,0,0,280633,285399,3022477,0,0,0,0,0,0,0,0,0,0,0,0,0
T-131,35th/State,2019,27571,0,0,0,1259760,422501,0,0,0,0,0,0,0,0,0,0,0,0,0
T-055,43rd/Cottage Grove,2019,56416,0,0,545442,26813,67434,0,0,0,0,0,0,0,0,0,0,3663331,0,0
T-121,47th/Halsted,2019,43984,0,0,0,0,679664,0,7879,0,0,0,0,0,0,0,0,0,0,0
T-118,47th/King Drive,2019,116385,0,0,200000,1649226,44334,0,0,0,0,0,0,0,0,0,0,0,0,0
T-136,47th/State,2019,26620,0,0,0,0,0,0,0,0,0,0,0,0,0,0,0,0,0,0
T-004,49th/St. Lawrence,2019,9251,0,0,0,0,110832,0,0,0,0,0,0,0,0,0,267387,57271,0,0
T-175,51st/Lake Park,2019,17942,0,0,1145446,0,0,0,0,0,0,0,0,0,0,0,0,0,0,0
T-105,53rd Street,2019,74429,0,0,2252686,0,364181,0,0,0,0,0,0,0,0,0,0,0,0,0
T-005,60th/Western,2019,5493,0,0,0,0,508254,0,0,0,0,0,0,0,0,0,0,0,0,0
T-143,63rd/Ashland,2019,12953,0,0,0,1294928,798101,0,0,0,0,0,0,0,0,0,0,0,0,0
T-098,63rd/Pulaski,2019,162730,0,0,0,145270,0,0,0,0,0,0,0,0,0,0,0,0,0,0
T-124,67th/Cicero,2019,6057,0,0,199134,0,0,0,0,0,0,0,0,0,0,0,0,0,0,0
T-174,67th/Wentworth,2019,23867,0,0,0,0,0,0,0,0,0,0,0,0,0,0,0,0,0,0
T-145,73rd/University,2019,8934,0,0,0,0,0,0,0,0,0,0,0,0,0,0,0,0,0,0
T-140,79th/Cicero,2019,9862,0,0,547560,0,0,0,0,0,0,0,0,0,0,0,0,0,0,0
T-056,79th Street Corridor,2019,13290,0,0,0,607250,99993,0,0,0,0,0,0,0,0,0,0,0,0,0
T-112,79th/Southwest Highway,2019,54948,0,0,12,118506,11265,0,0,0,0,0,0,0,0,0,0,0,0,0
T-155,79th/Vincennes,2019,6181,0,0,0,13160,0,0,0,0,0,0,0,0,0,0,0,0,0,0
T-133,83rd/Stewart,2019,16497,0,0,1153861,0,0,0,0,0,0,0,0,0,0,0,0,0,0,0
T-127,87th/Cottage Grove,2019,30271,0,0,0,17696,58871,0,0,0,0,0,0,0,0,0,0,0,0,0
T-009,95th/Western,2019,28260,0,0,0,0,957301,0,0,0,0,0,0,0,0,0,0,0,0,0
T-111,105th/Vincennes,2019,13096,0,0,706761,0,48194,0,0,0,0,0,0,0,0,0,0,0,0,0
T-176,107th/Halsted,2019,26847,0,0,0,0,31074,0,0,0,0,0,0,0,0,0,0,0,0,0
T-073,111th/Kedzie,2019,19794,0,0,101056,0,7434,0,0,0,0,0,0,0,0,0,0,0,0,0
T-182,116th/Avenue O,2019,1576,0,0,0,0,0,0,0,0,0,0,0,0,0,0,0,0,0,0
T-114,119th/Halsted,2019,13270,0,0,250000,517054,43249,0,0,0,0,0,0,0,0,0,0,0,0,0
T-125,119th/I-57,2019,34560,0,0,2078130,114897,64526,0,0,0,0,0,0,0,0,0,0,0,0,0
T-150,Addison South,2019,83535,0,0,0,10221561,752436,0,0,0,0,0,0,0,0,0,0,0,0,0
T-099,Archer/Central,2019,16746,0,0,0,107250,0,0,0,0,0,0,0,0,0,0,0,0,0,0
T-067,Archer Courts,2019,8007,0,0,0,0,0,0,0,0,0,0,0,0,0,0,108813,0,0,0
T-163,Archer/Western,2019,13975,0,0,0,131244,0,0,0,0,0,0,0,0,0,0,0,0,0,0
T-151,Armitage/Pulaski,2019,5557,0,0,0,53723,0,0,0,0,0,0,0,0,0,0,0,0,0,0
T-156,Austin Commercial,2019,49876,0,0,0,225282,958234,0,0,0,0,0,0,0,0,0,0,0,0,0
T-123,Avalon Park/South Shore,2019,29274,0,0,0,33421,340706,0,0,0,0,0,0,0,0,0,0,0,0,0
T-167,Avondale,2019,4722,0,0,0,0,23597,0,0,0,0,0,0,0,0,0,0,0,0,0
T-081,Belmont/Central,2019,63049,0,0,0,543982,486688,0,0,0,0,0,0,0,0,0,0,0,0,0
T-082,Belmont/Cicero,2019,20256,0,0,0,39737,0,0,0,0,0,0,0,0,0,0,0,0,0,0
T-061,Bronzeville,2019,71676,0,0,0,352430,1401546,0,0,0,0,0,0,0,0,0,0,35653,0,0
T-013,Bryn Mawr/Broadway,2019,35066,0,0,0,0,16744,0,0,0,0,0,0,0,0,0,0,0,0,0
T-063,Canal/Congress,2019,357454,0,0,0,1000000,10871736,0,0,0,0,0,0,0,0,0,0,0,0,0
T-086,Central West,2019,442416,0,0,0,7500000,5005419,0,0,0,0,0,0,0,0,0,0,1025000,0,0
T-094,Chicago/Kingsbury,2019,387285,0,0,0,0,3244562,0,0,0,0,0,0,0,0,0,0,0,0,0
T-096,Cicero/Archer,2019,13860,0,0,0,0,0,0,0,0,0,0,0,0,0,0,0,0,0,0
T-070,Clark/Montrose,2019,65567,0,0,2533441,125202,0,0,0,0,0,0,0,0,0,0,0,0,0,0
T-074,Clark/Ridge,2019,38780,0,0,447622,0,3026335,0,0,0,0,0,0,0,0,0,0,0,0,0
T-128,Commercial Avenue,2019,20154,0,0,0,0,137402,0,0,0,0,0,0,0,0,0,0,0,0,0
T-134,Devon/Sheridan,2019,22605,0,0,0,1261294,0,0,0,0,0,0,0,0,0,0,0,0,0,0
T-076,Devon/Western,2019,50503,0,0,0,0,138181,0,57401,0,0,0,0,0,0,0,0,0,0,0
T-179,Diversey/Chicago River,2019,3937,0,0,0,0,0,0,0,0,0,0,0,0,0,0,0,0,0,0
T-129,Diversey/Narragansett,2019,34144,0,0,1820910,0,67956,0,0,0,0,0,0,0,0,0,0,0,0,0
T-107,Division/Homan,2019,25407,0,0,0,261516,154638,0,0,0,0,0,0,0,0,0,0,0,0,0
T-130,Edgewater/Ashland,2019,12899,0,0,0,0,0,0,0,0,0,0,0,0,0,0,0,0,0,0
T-153,Elston/Armstrong Industrial Corridor,2019,18022,0,0,0,157847,0,0,0,0,0,0,0,0,0,0,0,0,0,0
T-021,Englewood Mall,2019,11354,0,0,0,0,2350,0,0,0,0,0,0,0,0,0,0,0,0,0
T-106,Englewood Neighborhood,2019,54071,0,0,0,1796711,373535,0,41523,0,0,0,0,0,0,0,0,0,0,0
T-169,Ewing Avenue,2019,4993,0,0,0,0,0,0,0,0,0,0,0,0,0,0,0,0,0,0
T-177,Foster/California,2019,6958,0,0,0,366668,0,0,0,0,0,0,0,0,0,0,0,0,0,0
T-181,Foster/Edens,2019,6217,0,0,0,0,0,0,0,0,0,0,0,0,0,0,0,0,0,0
T-066,Greater Southwest Industrial (East),2019,61203,0,0,597981,36199,0,0,0,0,0,0,0,0,0,0,0,0,0,0
T-092,Greater Southwest Industrial (West),2019,50045,0,0,803,0,3960,0,0,0,0,0,0,0,0,0,0,0,0,0
T-148,Harlem Industrial Park Conservation Area,2019,2784,0,0,0,137051,0,0,0,0,0,0,0,0,0,0,0,0,0,0
T-144,Harrison/Central,2019,4375,0,0,0,288000,311977,0,0,0,0,0,0,0,0,0,0,0,0,0
T-157,Hollywood/Sheridan,2019,18055,0,0,575824,0,20148,0,0,0,0,0,0,0,0,0,0,0,0,0
T-024,Homan/Arthington,2019,10139,0,0,500000,0,435167,0,90480,0,0,0,0,0,0,0,0,0,0,0
T-108,Humboldt Park Commercial,2019,53718,0,0,334086,504749,93942,0,44842,0,0,0,0,0,0,0,0,0,0,0
T-027,Irving/Cicero,2019,0,0,0,63955,0,85775,0,0,0,0,0,0,0,0,0,0,0,0,0
T-165,Irving Park/Elston,2019,2784,0,0,0,0,105215,0,0,0,0,0,0,0,0,0,0,0,0,0
T-057,Jefferson Park,2019,15372,0,0,0,143270,3084297,0,0,0,0,0,0,0,0,0,0,0,0,0
T-101,Jefferson/Roosevelt,2019,108728,0,0,248900,0,282708,0,0,0,0,0,0,0,0,0,0,0,0,0
T-160,Kennedy/Kimball,2019,13067,0,0,0,0,0,0,0,0,0,0,0,0,0,0,0,0,0,0
T-052,Kinzie Industrial Corridor,2019,746370,0,0,196546,4154125,12066728,0,198842,0,0,0,0,0,0,0,38138,0,0,0
T-103,Lake Calumet Area Industrial,2019,71938,0,0,839,0,3775220,0,0,0,0,0,0,0,0,0,0,0,0,0
T-119,Lakefront,2019,8749,0,0,0,0,0,0,0,0,0,0,0,0,0,0,0,192424,0,0
T-147,LaSalle Central,2019,1178282,0,0,0,6391527,8275524,0,0,0,0,0,0,0,0,0,0,0,0,0
T-109,Lawrence/Broadway,2019,69738,0,0,70622,254447,293767,0,11805,0,0,0,0,0,0,0,0,0,0,0
T-116,Lawrence/Pulaski,2019,23332,0,0,0,395761,550468,0,0,0,0,0,0,0,0,0,0,0,0,0
T-164,Little Village East,2019,2784,0,0,0,0,27770,0,0,0,0,0,0,0,0,0,0,0,0,0
T-152,Little Village Industrial Corridor,2019,4771,0,0,0,128539,2272,0,0,0,0,0,0,0,0,0,0,0,0,0
T-126,Madden/Wells,2019,21332,0,0,0,0,0,0,0,0,0,0,0,0,0,0,253023,0,0,0
T-029,Michigan/Cermak,2019,34937,0,0,0,0,17500,0,0,0,0,0,0,0,0,0,0,0,0,0
T-089,Midway Industrial Corridor,2019,43279,0,0,0,0,0,0,0,0,0,0,0,0,0,0,0,0,0,0
T-102,Montclare,2019,6550,0,0,0,0,0,0,0,0,0,0,0,0,0,0,129448,150554,0,0
T-173,Montrose/Clarendon,2019,5552,0,0,0,0,0,0,0,0,0,0,0,0,0,0,0,0,0,0
T-030,Near North,2019,407394,0,0,27018,0,2004708,0,0,0,0,0,0,0,0,0,0,869051,0,0
T-033,North Branch North,2019,113124,0,0,0,0,925656,0,0,0,0,0,0,0,0,0,0,0,0,0
T-034,North Branch South,2019,323105,0,0,10111,0,1625136,0,11787,0,0,0,0,0,0,0,0,0,0,0
T-035,North/Cicero,2019,23351,0,0,0,0,100249,0,0,0,0,0,0,0,0,0,0,0,0,0
T-166,North Pullman,2019,20714,0,0,1161845,0,9175,0,0,0,0,0,0,0,0,0,0,0,0,0
T-064,Northwest Industrial Corridor,2019,128245,0,0,191039,86948,564216,0,32459,0,0,0,0,0,0,0,0,0,0,0
T-161,Ogden/Pulaski,2019,4935,0,0,0,37082,126267,0,2736,0,0,0,0,0,0,0,0,0,0,0
T-100,Ohio/Wabash,2019,1988062,0,0,0,0,0,0,0,0,0,0,0,0,0,0,0,0,0,0
T-154,Pershing/King,2019,4017,0,0,0,0,0,0,0,0,0,0,0,0,0,0,0,0,0,0
T-090,Peterson/Cicero,2019,9554,0,0,0,0,2352,0,0,0,0,0,0,0,0,0,0,0,0,0
T-091,Peterson/Pulaski,2019,25623,0,0,0,183996,668701,0,2867,0,0,0,0,0,0,0,0,0,0,0
T-058,Portage Park,2019,42475,0,0,0,177553,2584317,0,0,0,0,0,0,0,0,0,0,0,0,0
T-135,Pratt/Ridge Industrial Park Conservation Area,2019,7907,0,0,0,0,0,0,0,0,0,0,0,0,0,0,0,0,0,0
T-069,Pulaski Industrial Corridor,2019,61788,0,0,3482289,93166,61903,0,50654,0,0,0,0,0,0,0,0,0,0,0
T-172,Randolph/Wells,2019,76181,0,0,0,4639135,0,0,0,0,0,0,0,0,0,0,0,0,0,0
T-180,Red Purple Modernization Phase One (Transit TIF),2019,514703,0,0,0,0,0,0,0,0,0,0,0,0,0,0,0,0,0,0
T-037,River South,2019,568826,0,0,0,0,20969392,0,0,0,0,0,0,0,0,0,0,0,0,0
T-104,River West,2019,315675,0,0,39727,5336348,267318,0,0,0,0,0,0,0,0,0,0,0,0,0
T-038,Roosevelt/Cicero Industrial Corridor,2019,77919,0,0,21434,0,0,0,0,0,0,0,0,0,0,0,0,0,0,0
T-062,Roosevelt/Racine,2019,25972,0,0,969552,0,7550602,0,0,0,0,0,0,0,0,0,0,0,0,0
T-068,Roosevelt/Union,2019,73703,0,0,5227016,0,0,0,0,0,0,0,0,0,0,0,0,0,0,0
T-113,Roseland/Michigan,2019,23609,0,0,0,0,0,0,0,0,0,0,0,0,0,0,0,0,0,0
T-042,Sanitary and Ship Canal,2019,14936,0,0,0,0,0,0,0,0,0,0,0,0,0,0,0,0,0,0
T-093,South Chicago,2019,18308,0,0,0,25273,873976,0,0,0,0,0,0,0,0,0,0,0,0,0
T-078,South Works Industrial,2019,2784,0,0,0,0,0,0,0,0,0,0,0,0,0,0,0,0,0,0
T-149,Stevenson Brighton,2019,58805,0,0,929292,0,5356129,0,0,0,0,0,0,0,0,0,0,0,0,0
T-043,Stockyards Annex,2019,37869,0,0,0,0,2271,0,0,0,0,0,0,0,0,0,0,0,0,0
T-045,Stockyards Southeast Quadrant Industrial,2019,31731,0,0,0,0,94062,0,0,0,0,0,0,0,0,0,0,0,0,0
T-054,Stony Island Commercial/Burnside Industrial,2019,52556,0,0,398088,500000,102827,0,496164,0,0,0,0,0,0,0,0,0,0,0
T-178,Washington Park,2019,19600,0,0,330650,0,22813,0,0,0,0,0,0,0,0,0,0,4286250,0,0
T-083,West Irving Park,2019,18434,0,0,0,121005,250151,0,0,0,0,0,0,0,0,0,0,0,0,0
T-171,West Woodlawn,2019,11801,0,0,0,104445,0,0,0,0,0,0,0,0,0,0,0,0,0,0
T-084,Western Avenue North,2019,113144,0,0,268863,119019,486165,0,0,0,0,0,0,0,0,0,0,0,0,0
T-142,Western/Rock Island,2019,25110,0,0,90000,0,836499,0,0,0,0,0,0,0,0,0,0,0,0,0
T-085,Western Avenue South,2019,124330,0,0,0,20818,2461785,0,0,0,0,0,0,0,0,0,0,77583,0,0
T-048,Western/Ogden,2019,150364,0,0,938582,0,2451743,0,81250,0,0,0,0,0,0,0,0,0,0,0
T-110,Wilson Yard,2019,124129,0,0,5261093,26812,5621492,0,0,0,0,0,0,0,0,0,0,0,0,0
T-065,Woodlawn,2019,51713,0,0,0,0,1601226,0,0,0,0,0,0,0,0,0,0,0,0,0
T-023,Goose Island,2019,112342,0,0,874341,318311,436332,0,0,0,0,0,0,0,0,0,0,0,0,0
T-053,Pilsen Industrial Corridor,2019,464271,0,0,1762081,182317,8259146,0,0,4625173,0,0,0,0,0,0,0,0,0,0
T-117,47th/Ashland,2019,57161,0,0,252841,103749,243542,0,0,1708002,0,0,0,0,0,0,0,0,0,0
T-097,51st/Archer,2019,14173,0,0,0,0,3000,0,0,1066745,0,0,0,0,0,0,0,0,0,0
T-060,71st/Stony Island,2019,124855,0,0,2000000,0,918388,0,0,16937271,0,0,0,0,0,0,0,155196,0,0
T-115,Chicago/Central Park,2019,92030,0,0,0,1351031,671382,0,36737,4957730,0,0,0,0,0,0,0,0,0,0
T-087,Fullerton/Milwaukee,2019,134116,0,0,2966387,229342,907816,0,0,2702464,0,0,0,0,0,0,0,0,0,0
T-071,Galewood/Armitage Industrial,2019,59249,0,0,0,385643,2283554,0,0,3781145,0,0,0,0,0,0,0,0,0,0
T-088,Lawrence/Kedzie,2019,121192,0,0,0,0,1273314,0,0,8111771,0,0,0,0,0,0,0,0,0,0
T-077,Lincoln Avenue,2019,66184,0,0,0,0,853317,0,0,0,0,0,0,0,0,0,0,0,0,0
T-075,Madison/Austin Corridor,2019,31066,0,0,0,88424,653669,0,0,0,0,0,0,0,0,0,0,0,0,0
T-095,Midwest,2019,278791,0,0,50528,8723660,5140643,0,0,0,0,0,0,0,0,0,48089,2606087,0,0
T-146,Touhy/Western,2019,11720,0,0,0,0,427348,0,0,2480374,0,0,0,0,0,0,0,0,0,0
T-001,35th/Halsted,2020,144267,0,0,722846,107250,1860670,0,0,0,0,0,0,0,0,0,0,0,0,0
T-004,49th/St. Lawrence,2020,9728,0,0,0,0,32037,0,0,0,0,0,0,0,0,0,156893,0,0,0
T-005,60th/Western,2020,6066,0,0,0,0,2924,0,0,0,0,0,0,0,0,0,0,0,0,0
T-009,95th/Western,2020,41253,0,0,0,0,3168292,0,0,0,0,0,0,0,0,0,0,0,0,0
T-013,Bryn Mawr/Broadway,2020,41061,0,0,0,11261,26357177,0,0,0,0,0,0,0,0,0,0,0,0,0
T-021,Englewood Mall,2020,11986,0,0,0,0,126909,0,0,0,0,0,0,0,0,0,0,0,0,0
T-023,Goose Island,2020,118321,0,0,0,0,4088425,0,0,0,0,0,0,0,0,0,0,0,0,0
T-024,Homan/Arthington,2020,10419,0,0,500000,0,250660,0,31739,0,0,0,0,0,0,0,0,0,0,0
T-027,Irving/Cicero,2020,0,0,0,4800,228962,492592,0,0,0,0,0,0,0,0,0,0,0,0,0
T-029,Michigan/Cermak,2020,38193,0,0,0,0,671333,0,0,0,0,0,0,0,0,0,0,0,0,0
T-030,Near North,2020,464170,0,0,1926853,0,689363,0,0,0,0,0,0,0,0,0,0,855195,0,0
T-033,North Branch North,2020,95412,0,0,0,0,736397,0,0,0,0,0,0,0,0,0,0,0,0,0
T-034,North Branch South,2020,121377,0,0,0,0,933611,0,38212,0,0,0,0,0,0,0,0,0,0,0
T-035,North/Cicero,2020,26610,0,0,0,0,648553,0,0,0,0,0,0,0,0,0,0,0,0,0
T-037,River South,2020,282711,0,0,0,0,20300358,0,0,0,0,0,0,0,0,0,0,0,0,0
T-038,Roosevelt/Cicero Industrial Corridor,2020,84150,0,0,0,0,250864,0,0,0,0,0,0,0,0,0,0,0,0,0
T-042,Sanitary and Ship Canal,2020,19559,0,0,0,0,796865,0,0,0,0,0,0,0,0,0,0,0,0,0
T-043,Stockyards Annex,2020,35634,0,0,0,403219,3984797,0,0,0,0,0,0,0,0,0,0,0,0,0
T-045,Stockyards Southeast Quadrant Industrial,2020,33330,0,0,0,162026,604118,0,0,0,0,0,0,0,0,0,0,0,0,0
T-048,Western/Ogden,2020,150868,0,0,0,0,1751498,0,127405,0,0,0,0,0,0,0,0,0,0,0
T-052,Kinzie Industrial Corridor,2020,920614,0,0,198291,964735,9398670,0,145657,0,0,0,0,0,0,0,37344,0,0,0
T-053,Pilsen Industrial Corridor,2020,537336,0,0,523621,160875,3054313,0,0,4841375,0,0,0,0,0,0,0,0,0,0
T-054,Stony Island Commercial/Burnside Industrial,2020,78180,0,0,280886,1175512,50780,0,136770,0,0,0,0,0,0,0,0,600000,0,0
T-055,43rd/Cottage Grove,2020,49874,0,0,39249,41892,744893,0,0,0,0,0,0,0,0,0,0,6063331,0,0
T-056,79th Street Corridor,2020,16075,0,0,0,0,1151458,0,0,0,0,0,0,0,0,0,0,0,0,0
T-057,Jefferson Park,2020,32377,0,0,0,0,4007161,0,0,0,0,0,0,0,0,0,0,0,0,0
T-058,Portage Park,2020,66882,0,0,0,375375,668063,0,0,0,0,0,0,0,0,0,0,0,0,0
T-060,71st/Stony Island,2020,61924,0,0,2000000,0,937850,0,0,0,0,0,0,0,0,0,0,72353,0,0
T-061,Bronzeville,2020,68418,0,0,0,44308,4122244,0,0,0,0,0,0,0,0,0,0,45209,0,0
T-062,Roosevelt/Racine,2020,29232,0,0,976074,0,3284553,0,0,0,0,0,0,0,0,0,0,0,0,0
T-063,Canal/Congress,2020,510986,0,0,0,0,5147515,0,0,0,0,0,0,0,0,0,0,0,0,0
T-064,Northwest Industrial Corridor,2020,156567,0,0,266884,226467,527912,0,0,0,0,0,0,0,0,0,0,0,0,0
T-065,Woodlawn,2020,56191,0,0,0,0,326504,0,0,0,0,0,0,0,0,0,0,0,0,0
T-066,Greater Southwest Industrial (East),2020,35065,0,0,744675,0,219105,0,0,0,0,0,0,0,0,0,0,0,0,0
T-067,Archer Courts,2020,8393,0,0,0,0,82,0,0,0,0,0,0,0,0,0,108672,0,0,0
T-068,Roosevelt/Union,2020,82094,0,0,5825705,0,35000,0,0,0,0,0,0,0,0,0,0,0,0,0
T-069,Pulaski Industrial Corridor,2020,86361,0,0,4358,152516,647693,0,112367,0,0,0,0,0,0,0,0,0,0,0
T-070,Clark/Montrose,2020,72766,0,0,0,95833,187305,0,0,0,0,0,0,0,0,0,0,0,0,0
T-071,Galewood/Armitage Industrial,2020,76778,0,0,0,183888,2109763,0,0,11242895,0,0,0,0,0,0,0,0,0,0
T-072,24th/Michigan,2020,68845,0,0,0,0,2691062,0,0,0,0,0,0,0,0,0,0,0,0,0
T-073,111th/Kedzie,2020,27343,0,0,121653,0,306426,0,0,0,0,0,0,0,0,0,0,0,0,0
T-074,Clark/Ridge,2020,65422,0,0,1300000,0,525827,0,31503,0,0,0,0,0,0,0,0,0,0,0
T-075,Madison/Austin Corridor,2020,63239,0,0,0,106425,171954,0,30020,0,0,0,0,0,0,0,0,0,0,0
T-076,Devon/Western,2020,113740,0,0,0,0,0,0,51154,0,0,0,0,0,0,0,0,0,0,0
T-077,Lincoln Avenue,2020,50365,0,0,0,56286,126710,0,0,0,0,0,0,0,0,0,0,0,0,0
T-079,35th/Wallace,2020,21553,0,0,0,53625,284451,0,0,0,0,0,0,0,0,0,0,0,0,0
T-081,Belmont/Central,2020,145877,0,0,0,131279,1327980,0,0,0,0,0,0,0,0,0,0,0,0,0
T-082,Belmont/Cicero,2020,22964,0,0,0,0,9042,0,0,0,0,0,0,0,0,0,0,0,0,0
T-083,West Irving Park,2020,25884,0,0,0,13385,0,0,0,0,0,0,0,0,0,0,0,0,0,0
T-084,Western Avenue North,2020,152793,0,0,280049,0,421796,0,0,0,0,0,0,0,0,0,0,0,0,0
T-085,Western Avenue South,2020,195363,0,0,0,200242,1331238,0,0,0,0,0,0,0,0,0,0,76788,0,0
T-086,Central West,2020,427294,0,0,0,0,4138756,0,0,0,0,0,0,0,0,0,0,1025000,0,0
T-087,Fullerton/Milwaukee,2020,161249,0,0,200000,425247,504535,0,6235,7347214,0,0,0,0,0,0,0,0,0,0
T-088,Lawrence/Kedzie,2020,250166,0,0,0,102609,106279,0,0,18299738,0,0,0,0,0,0,0,0,0,0
T-089,Midway Industrial Corridor,2020,53640,0,0,0,0,47186,0,0,0,0,0,0,0,0,0,0,0,0,0
T-090,Peterson/Cicero,2020,10006,0,0,0,0,37762,0,0,0,0,0,0,0,0,0,0,0,0,0
T-091,Peterson/Pulaski,2020,37018,0,0,0,76916,279793,0,0,0,0,0,0,0,0,0,0,0,0,0
T-092,Greater Southwest Industrial (West),2020,36498,0,0,0,0,0,0,0,0,0,0,0,0,0,0,0,0,0,0
T-093,South Chicago,2020,22572,0,0,0,0,2665215,0,0,0,0,0,0,0,0,0,0,0,0,0
T-094,Chicago/Kingsbury,2020,416347,0,0,0,0,350629,0,0,0,0,0,0,0,0,0,0,0,0,0
T-095,Midwest,2020,227997,0,0,31775,1210953,4154384,0,0,0,0,0,0,0,0,0,0,1500000,0,0
T-096,Cicero/Archer,2020,14460,0,0,0,0,0,0,0,0,0,0,0,0,0,0,0,0,0,0
T-097,51st/Archer,2020,24792,0,0,0,0,282301,0,0,2826495,0,0,0,0,0,0,0,0,0,0
T-098,63rd/Pulaski,2020,200454,0,0,0,0,0,0,0,0,0,0,0,0,0,0,0,0,0,0
T-099,Archer/Central,2020,12467,0,0,0,0,0,0,0,0,0,0,0,0,0,0,0,0,0,0
T-100,Ohio/Wabash,2020,0,0,0,2012532,0,0,0,0,0,0,0,0,0,0,0,0,0,0,0
T-101,Jefferson/Roosevelt,2020,119525,0,0,233772,0,1420971,0,0,0,0,0,0,0,0,0,0,0,0,0
T-102,Montclare,2020,7044,0,0,0,0,0,0,0,0,0,0,0,0,0,0,121259,131897,0,0
T-103,Lake Calumet Area Industrial,2020,117943,0,0,0,0,1386419,0,0,0,0,0,0,0,0,0,0,0,0,0
T-104,River West,2020,324077,0,0,0,0,4075335,0,0,0,0,0,0,0,0,0,0,0,0,0
T-105,53rd Street,2020,112411,0,0,8621510,0,0,0,0,0,0,0,0,0,0,0,208827,0,0,0
T-106,Englewood Neighborhood,2020,35358,0,0,0,148437,2574124,0,88109,0,0,0,0,0,0,0,0,0,0,0
T-107,Division/Homan,2020,35751,0,0,0,46018,124848,0,0,0,0,0,0,0,0,0,0,0,0,0
T-108,Humboldt Park Commercial,2020,65706,0,0,334086,428392,216833,0,16529,0,0,0,0,0,0,0,0,0,0,0
T-109,Lawrence/Broadway,2020,89697,0,0,55084,228839,41657874,0,82101,0,0,0,0,0,0,0,0,0,0,0
T-110,Wilson Yard,2020,136340,0,0,5197876,0,14828826,0,0,0,0,0,0,0,0,0,0,2625000,0,0
T-111,ERROR: #N/A,2020,18832,0,0,0,0,0,0,0,0,0,0,0,0,0,0,0,0,0,0
T-112,79th/Southwest Highway,2020,50115,0,0,0,0,107258,0,0,0,0,0,0,0,0,0,0,0,0,0
T-113,Roseland/Michigan,2020,26339,0,0,0,0,371335,0,0,0,0,0,0,0,0,0,0,0,0,0
T-114,119th/Halsted,2020,22351,0,0,250000,54697,0,0,0,0,0,0,0,0,0,0,0,0,0,0
T-115,Chicago/Central Park,2020,80126,0,0,0,1160508,269169,0,0,15182980,0,0,0,0,0,0,0,0,0,0
T-116,Lawrence/Pulaski,2020,50850,0,0,0,218923,697186,0,0,0,0,0,0,0,0,0,0,0,0,0
T-117,47th/Ashland,2020,49204,0,0,261071,268125,113998,0,0,4518252,0,0,0,0,0,0,0,0,0,0
T-118,47th/King Drive,2020,125449,0,0,0,137146,4653,0,0,0,0,0,0,0,0,0,0,0,0,0
T-119,Lakefront,2020,8133,0,0,0,0,0,0,0,0,0,0,0,0,0,0,0,202261,0,0
T-121,47th/Halsted,2020,48927,0,0,0,84635,420019,0,0,0,0,0,0,0,0,0,0,0,0,0
T-123,Avalon Park/South Shore,2020,10011,0,0,0,330780,734517,0,0,0,0,0,0,0,0,0,0,0,0,0
T-124,67th/Cicero,2020,8174,0,0,197154,0,0,0,0,0,0,0,0,0,0,0,0,0,0,0
T-125,119th/I-57,2020,40997,0,0,1815822,24131,15813,0,0,0,0,0,0,0,0,0,0,0,0,0
T-126,Madden/Wells,2020,22096,0,0,0,0,665249,0,0,0,0,0,0,0,0,0,646090,0,0,0
T-127,87th/Cottage Grove,2020,36771,0,0,0,97702,270924,0,0,0,0,0,0,0,0,0,0,0,0,0
T-128,Commercial Avenue,2020,24991,0,0,0,85222,688634,0,0,0,0,0,0,0,0,0,0,0,0,0
T-129,Diversey/Narragansett,2020,36216,0,0,1962886,0,123249,0,0,0,0,0,0,0,0,0,0,0,0,0
T-130,Edgewater/Ashland,2020,11345,0,0,700000,0,0,0,0,0,0,0,0,0,0,0,0,0,0,0
T-131,35th/State,2020,31025,0,0,0,1248658,0,0,0,0,0,0,0,0,0,0,0,362333,0,0
T-133,83rd/Stewart,2020,21816,0,0,1130957,0,0,0,0,0,0,0,0,0,0,0,0,0,0,0
T-134,Devon/Sheridan,2020,48137,0,0,0,1352826,2900307,0,0,0,0,0,0,0,0,0,0,0,0,0
T-135,Pratt/Ridge Industrial Park Conservation Area,2020,8362,0,0,0,0,0,0,0,0,0,0,0,0,0,0,0,0,0,0
T-136,47th/State,2020,63830,0,0,0,17932,277593,0,0,0,0,0,0,0,0,0,0,0,0,0
T-140,79th/Cicero,2020,10407,0,0,563543,0,0,0,0,0,0,0,0,0,0,0,0,0,0,0
T-141,26th/King Drive,2020,14383,0,0,0,0,0,0,0,0,0,0,0,0,0,0,0,0,0,0
T-142,Western/Rock Island,2020,45773,0,0,90000,0,0,0,0,0,0,0,0,0,0,0,0,0,0,0
T-143,63rd/Ashland,2020,14729,0,0,0,14375,42552,0,0,0,0,0,0,0,0,0,0,0,0,0
T-144,Harrison/Central,2020,5090,0,0,0,288609,199529,0,0,0,0,0,0,0,0,0,0,0,0,0
T-145,73rd/University,2020,9253,0,0,0,0,4800,0,0,0,0,0,0,0,0,0,0,0,0,0
T-146,Touhy/Western,2020,67879,0,0,0,0,87875,0,0,9427919,0,0,0,0,0,0,0,0,0,0
T-147,LaSalle Central,2020,1358528,0,0,0,0,19186318,0,0,0,0,0,0,0,0,0,0,0,0,0
T-149,Stevenson Brighton,2020,64559,0,0,920857,0,2220322,0,0,0,0,0,0,0,0,0,0,0,0,0
T-150,Addison South,2020,83886,0,0,0,554856,321445,0,5083,0,0,0,0,0,0,0,0,0,0,0
T-151,Armitage/Pulaski,2020,20268,0,0,0,8365,0,0,0,0,0,0,0,0,0,0,0,0,0,0
T-152,Little Village Industrial Corridor,2020,4397,0,0,0,0,148771,0,0,0,0,0,0,0,0,0,0,0,0,0
T-153,Elston/Armstrong Industrial Corridor,2020,23498,0,0,0,192328,30313,0,0,0,0,0,0,0,0,0,0,0,0,0
T-155,79th/Vincennes,2020,7697,0,0,0,0,150269,0,0,0,0,0,0,0,0,0,0,0,0,0
T-156,Austin Commercial,2020,19253,0,0,0,0,407097,0,0,0,0,0,0,0,0,0,0,0,0,0
T-157,Hollywood/Sheridan,2020,16276,0,0,575824,94741,27466882,0,0,0,0,0,0,0,0,0,0,0,0,0
T-160,Kennedy/Kimball,2020,15069,0,0,0,0,28500,0,0,0,0,0,0,0,0,0,0,0,0,0
T-161,Ogden/Pulaski,2020,12501,0,0,0,0,237745,0,0,0,0,0,0,0,0,0,0,0,0,0
T-163,Archer/Western,2020,15849,0,0,0,61282,3537556,0,0,0,0,0,0,0,0,0,0,0,0,0
T-164,Little Village East,2020,8882,0,0,0,0,257905,0,0,0,0,0,0,0,0,0,0,0,0,0
T-166,North Pullman,2020,48040,0,0,1810443,0,1506380,0,0,0,0,0,0,0,0,0,0,0,0,0
T-167,Avondale,2020,5318,0,0,0,158026,183648,0,0,0,0,0,0,0,0,0,0,0,0,0
T-169,Ewing Avenue,2020,6575,0,0,0,0,0,0,0,0,0,0,0,0,0,0,0,0,0,0
T-171,West Woodlawn,2020,19941,0,0,0,0,713,0,0,0,0,0,0,0,0,0,0,0,0,0
T-172,Randolph/Wells,2020,147313,0,0,0,0,0,0,0,0,0,0,0,0,0,0,0,0,0,0
T-173,Montrose/Clarendon,2020,16780,0,0,0,0,22500,0,0,0,0,0,0,0,0,0,0,0,0,0
T-174,67th/Wentworth,2020,5191,0,0,0,29268,0,0,0,0,0,0,0,0,0,0,0,0,0,0
T-175,51st/Lake Park,2020,19129,0,0,1178346,0,0,0,0,0,0,0,0,0,0,0,0,0,0,0
T-176,107th/Halsted,2020,18658,0,0,0,0,43780,0,0,0,0,0,0,0,0,0,0,0,0,0
T-177,Foster/California,2020,2941,0,0,0,1100000,22500,0,0,0,0,0,0,0,0,0,0,0,0,0
T-178,Washington Park,2020,19957,0,0,476250,22655,0,0,0,0,0,0,0,0,0,0,0,0,0,0
T-179,Diversey/Chicago River,2020,7289,0,0,0,0,0,0,0,0,0,0,0,0,0,0,0,0,0,0
T-180,Red Purple Modernization Phase One (Transit TIF),2020,582356,0,0,0,0,0,0,0,0,0,0,0,0,0,0,0,0,0,0
T-181,Foster/Edens,2020,9361,0,0,0,0,0,0,0,0,0,0,0,0,0,0,0,0,0,0
T-182,116th/Avenue O,2020,6408,0,0,0,0,0,0,0,0,0,0,0,0,0,0,0,0,0,0
T-183,Cortland/Chicago River,2020,41976,0,0,0,0,50107,0,0,0,0,0,0,0,0,0,0,0,0,0
T-184,Roosevelt/Clark,2020,19604,0,0,0,0,56142,0,0,0,0,0,0,0,0,0,0,0,0,0
